Cubs,Activity badges,Athletics Plus,2015cu-as-athp.png
Cubs,Activity badges,Backwoods Cooking,2015cu-as-bc.png
Cubs,Activity badges,Book Reader,2015cu-as-br.png
Cubs,Activity badges,Chef,2015cu-as-che.png
Cubs,Activity badges,Collector,2015cu-as-coll.png
Cubs,Activity badges,Communicator,2015cu-as-comm.png
Cubs,Activity badges,Cyclist,2015cu-as-cyc.png
Cubs,Activity badges,DIY,2015cu-as-diy.png
Cubs,Activity badges,Disability Awareness,2015cu-as-dis.png
Cubs,Activity badges,Entertainer,2015cu-as-ent.png
Cubs,Activity badges,Environmental Conservation,2015cu-as-enc.png
Cubs,Activity badges,Equestrian,2015cu-as-equ.png
Cubs,Activity badges,Fire Safety,2015cu-as-fs.png
Cubs,Activity badges,Global Issues,2015cu-as-gi.png
Cubs,Activity badges,Hobbies,2015cu-as-hob.png
Cubs,Activity badges,Home Help,2015cu-as-hh.png
Cubs,Activity badges,Home Safety,2015cu-as-hs.png
Cubs,Activity badges,International,2015cu-as-int.png
Cubs,Activity badges,Local Knowledge,2015cu-as-lk.png
Cubs,Activity badges,Martial Arts,2015cu-as-ma.png
Cubs,Activity badges,My Faith,2015cu-as-mf.png
Cubs,Activity badges,Naturalist,2015cu-as-nat.png
Cubs,Activity badges,Personal Safety,2015cu-as-ps.png
Cubs,Activity badges,Photographer,2015cu-as-pho.png
Cubs,Activity badges,Physical Recreation,2015cu-as-phr.png
Cubs,Activity badges,Pioneering,2015cu-as-pio.png
Cubs,Activity badges,Road Safety,2015cu-as-rd.png
Cubs,Activity badges,Scientist,2015cu-as-sci.png
Cubs,Activity badges,Skater,2015cu-as-ska.png
Cubs,Activity badges,Sports Enthusiast,2015cu-as-spe.png
Cubs,Activity badges,Water Activities,2015cu-as-wa.png
Cubs,Activity badges,World Faiths,2015cu-as-wf.png
Cubs,Challenge awards,Our Adventure,2015cu-cs-adv.png
Cubs,Challenge awards,Our Outdoors,2015cu-cs-out.png
Cubs,Challenge awards,Our Skills,2015cu-cs-ski.png
Cubs,Challenge awards,Our World,2015cu-cs-wor.png
Cubs,Challenge awards,Personal Challenge,2015cu-cs-per.png
Cubs,Challenge awards,Team Leader,2015cu-cs-tel.png
Cubs,Challenge awards,Teamwork,2015cu-cs-tea.png
Cubs,Challenge awards,Chief Scout Silver,2015cu-cs-csa.png
ALL,Staged,Navigator 1,2015as-st-nv1.png
ALL,Staged,Navigator 2,2015as-st-nv1.png
ALL,Staged,Navigator 3,2015as-st-nv1.png
Cubs,Core badges,Membership Award,2015as-m-mb.png
Cubs,Core badges,Moving-On Award,2015cu-m-moa.png
ALL,Staged,Joining-In Award 1,2015as-m-j1.png
ALL,Staged,Joining-In Award 2,2015as-m-j2.png
ALL,Staged,Joining-In Award 3,2015as-m-j3.png
ALL,Staged,Joining-In Award 4,2015as-m-j4.png
ALL,Occasional,Scout Mate Badge,scoutmatebadge.jpg
